track_name,artist_name,track_play_count
It's Not Living (If It's Not With You),The 1975,214
Chocolate,The 1975,189
This Year,The Mountain Goats,186
I Was a Teenage Anarchist,Against Me!,171
TOOTIMETOOTIMETOOTIME,The 1975,162
Give Yourself A Try,The 1975,152
Pristine,Snail Mail,152
Love Love Love,The Mountain Goats,142
Dancing In the Dark,Bruce Springsteen,141
Up the Wolves,The Mountain Goats,135
High Hopes,Panic! At The Disco,131
Night Shift,Lucy Dacus,130
The Sound,The 1975,130
Sicilian Crest,The Mountain Goats,129
Love It If We Made It,The 1975,128
Your Dog,Soccer Mommy,127
Maybe You're the Reason,The Japanese House,126
No Children,The Mountain Goats,125
Lakeside View Apartments Suite,The Mountain Goats,124
I Wanna Get Better,Bleachers,123
Born to Run,Bruce Springsteen,119
Let’s Get Lost,Carly Rae Jepsen,116
LA Devotee,Panic! At The Disco,114
The City,The 1975,110
Heat Wave,Snail Mail,108
Southwestern Territory,The Mountain Goats,108
How to Be a Heartbreaker,MARINA,107
Dance Music,The Mountain Goats,107
Rain in Soho,The Mountain Goats,106
The Ship in Port,Radical Face,106
Bang Bang,Jessie J,103
Dreams - 2004 Remaster,Fleetwood Mac,101
Thrash Unreal,Against Me!,101
circle the drain,Soccer Mommy,100
Wildflowers,The Wailin' Jennys,98
Transgender Dysphoria Blues,Against Me!,95
Walking on Broken Glass,Annie Lennox,93
Done Bleeding,The Mountain Goats,93
Everybody Wants To Rule The World,Tears For Fears,92
Sincerity Is Scary,The 1975,92
Slut Game Strong,Cheap Perfume,91
bad guy,Billie Eilish,91
Rain On Me (with Ariana Grande),Lady Gaga,90
Kyoto,Phoebe Bridgers,90
Lovin' Is Bible,The Aces,89
Skin,Soccer Mommy,89
Speaking Terms,Snail Mail,89
Addictions,Lucy Dacus,89
I Really Like You,Carly Rae Jepsen,88
Heartbeats,José González,86
Little Death,The Beths,86
The Legend of Chavo Guerrero,The Mountain Goats,85
She Way Out,The 1975,85
Shut Up and Dance,WALK THE MOON,84
Volcanic Love,The Aces,84
Imagining You,On the Sun,84
I Don't Wanna Be Funny Anymore,Lucy Dacus,84
Recovery,Frank Turner,81
Go Your Own Way - 2004 Remaster,Fleetwood Mac,81
Secrets (Cellar Door),Radical Face,81
Daydream,The Aces,79
House on Fire,Tall Heights,79
Favourite Colour,Carly Rae Jepsen,79
Wear Black,The Mountain Goats,79
Tempo (feat. Missy Elliott),Lizzo,79
Souvenir,Julien Baker,79
Say Amen (Saturday Night),Panic! At The Disco,78
"Hey Look Ma, I Made It",Panic! At The Disco,78
Here Comes The Sun - Remastered 2009,The Beatles,78
Faith - Remastered,George Michael,77
Good as Hell,Lizzo,77
Girls,The 1975,76
Heel Turn 2,The Mountain Goats,76
High Horse,Kacey Musgraves,75
Eye Of The Hurricane,David Wilcox,73
Dancing's Not a Crime,Panic! At The Disco,73
Anna Sun,WALK THE MOON,72
Work from Home (feat. Ty Dolla $ign),Fifth Harmony,72
7 rings,Ariana Grande,72
California Love - Original Version,2Pac,72
Make Me Feel,Janelle Monáe,70
Clemency for the Wizard King,The Mountain Goats,70
Boys,Lizzo,70
Younger,The Mountain Goats,70
We Do It Different on the West Coast,The Mountain Goats,70
Slow Burn,Kacey Musgraves,70
Nonbeliever,Lucy Dacus,70
you should see me in a crown,Billie Eilish,69
The Chain - 2004 Remaster,Fleetwood Mac,69
Autoclave,The Mountain Goats,69
Roaring 20s,Panic! At The Disco,69
She's American,The 1975,68
DONTTRUSTME,3OH!3,68
Amy aka Spent Gladiator 1,The Mountain Goats,68
Don't Stop - 2004 Remaster,Fleetwood Mac,68
You Make My Dreams (Come True),Daryl Hall & John Oates,68
The Wire,HAIM,68
Settle Down,The 1975,68
Nicotine,Panic! At The Disco,68
Forbidden Knowledge (feat. Big K.R.I.T.),Raury,67
Work Bitch,Britney Spears,66
Light of a Clear Blue Morning,The Wailin' Jennys,65
True Trans Soul Rebel,Against Me!,65
White Crosses,Against Me!,65
Rusty Old American Dream,David Wilcox,65
When I Kissed The Teacher,Lily James,64
Bangarang (feat. Sirah),Skrillex,64
Light On,Maggie Rogers,64
Rather Be (feat. Jess Glynne),Clean Bandit,63
Next of Kin,Lucy Dacus,63
The Man,Taylor Swift,63
Paris,The 1975,63
Somebody Else,The 1975,63
Scorpio Rising,Soccer Mommy,63
Songbird - 2004 Remaster,Fleetwood Mac,62
A Sky Full of Stars,Coldplay,62
Captain Hook,Megan Thee Stallion,62
Future Nostalgia,Dua Lipa,62
Waving Through A Window,Ben Platt,62
Leave It Like It Is,David Wilcox,61
Fuckmylife666,Against Me!,61
Second Hand News - 2004 Remaster,Fleetwood Mac,61
Shelved,The Mountain Goats,61
Roll with It,On the Sun,61
House of Memories,Panic! At The Disco,61
Dog Days Are Over,Florence + The Machine,60
Girls in the Hood,Megan Thee Stallion,59
Tap In,Saweetie,59
Fight Like a Girl,Cheap Perfume,59
The 1975,The 1975,59
Todo se transforma,Jorge Drexler,59
Andrew Eldritch Is Moving Back to Leeds,The Mountain Goats,58
Garden Song,Phoebe Bridgers,58
Damn These Vampires,The Mountain Goats,58
Valley of the Dolls,MARINA,58
If Your Prayers Don't Get To Heaven,Brian Fallon,57
I Did Something Bad,Taylor Swift,57
Plain Sailing Weather,Frank Turner,57
Hungry Heart,Bruce Springsteen,57
Keep Ya Head Up,2Pac,57
The Luckiest,Ben Folds,57
Blossom (Wasting All My Time),Soccer Mommy,57
Golden Hour,Kacey Musgraves,56
Chinese Satellite,Phoebe Bridgers,56
Something Just Like This,The Chainsmokers,56
Poltergeist,Hi-Fi Gentry,56
Delicate,Taylor Swift,55
In Your Light,Gotye,55
YOUTH,Troye Sivan,55
Animal Mask,The Mountain Goats,55
One of the Drunks,Panic! At The Disco,55
The Edge Of Glory,Lady Gaga,54
Never Going Back Again - 2004 Remaster,Fleetwood Mac,54
Lovecraft in Brooklyn,The Mountain Goats,54
The Shell,Lucy Dacus,54
Hot & Heavy,Lucy Dacus,54
Nobody,Mitski,53
Cruel Summer,Taylor Swift,53
Stuck (Album Version),The Aces,53
The Greatest (feat. Kendrick Lamar),Sia,53
Be More Kind,Frank Turner,53
1 Samuel 15:23,The Mountain Goats,53
Vegas Lights,Panic! At The Disco,53
Of The Night,Bastille,52
You Make Loving Fun - 2004 Remaster,Fleetwood Mac,52
Can't Hold Us (feat. Ray Dalton),Macklemore & Ryan Lewis,51
Psycho Killer - 2005 Remaster,Talking Heads,51
Cry for Judas,The Mountain Goats,51
Jenny from the Block - Bronx Remix No Rap Edit,Jennifer Lopez,51
Bulletproof,La Roux,51
Formation,Beyoncé,51
Despacito,Luis Fonsi,51
Fallingwater,Maggie Rogers,51
Mr. Brightside,The Killers,51
Looking For Somebody (To Love),The 1975,51
Sex,The 1975,51
the last great american dynasty,Taylor Swift,51
Uma Thurman,Fall Out Boy,51
Beautiful Gas Mask,The Mountain Goats,50
Anaconda,Nicki Minaj,50
Counterfeit Florida Plates,The Mountain Goats,50
I Don't Wanna Be An Asshole Anymore,The Menzingers,50
Cloudy,Simon & Garfunkel,50
Feeling Myself,Nicki Minaj,50
Once in a Lifetime - 2005 Remaster,Talking Heads,49
Some Nights,fun.,49
Facts,Lecrae,49
(Fuck A) Silver Lining,Panic! At The Disco,49
April Come She Will,Simon & Garfunkel,49
Wake Me Up Before You Go-Go,Wham!,49
Anybody Have a Map?,Rachel Bay Jones,49
For Forever,Ben Platt,49
Don't Threaten Me with a Good Time,Panic! At The Disco,49
Song for Ted Sallis,The Mountain Goats,49
Cadaver Sniffing Dog,The Mountain Goats,48
Thunder Road,Bruce Springsteen,48
Golden Dream,Snail Mail,48
Just Like That,The Aces,48
Party For One,Carly Rae Jepsen,48
Body to Flame,Lucy Dacus,48
Primadonna,MARINA,47
Boy Problems,Carly Rae Jepsen,47
Oh Caroline,The 1975,47
Timefighter,Lucy Dacus,47
Yoü And I,Lady Gaga,47
broken,lovelytheband,46
Cut To The Feeling,Carly Rae Jepsen,45
Effington,Ben Folds,45
Be My Mistake,The 1975,45
Circus,Britney Spears,45
A Change Of Heart,The 1975,45
It Hurts Until It Doesn't,Mothers,45
Michigan,The Milk Carton Kids,45
Suffocation,Against Me!,45
Yours & Mine,Lucy Dacus,45
In The Air Tonight - 2015 Remastered,Phil Collins,44
Hooked On A Feeling,Blue Swede,44
Going to Georgia,The Mountain Goats,44
Low (feat. T-Pain),Flo Rida,44
Be My Escape,Relient K,44
Impossible Year,Panic! At The Disco,44
Watson,Brian Fallon,44
Fergalicious,Fergie,43
Confident,Demi Lovato,43
I Like America & America Likes Me,The 1975,43
In League with Dragons,The Mountain Goats,43
Death of a Bachelor,Panic! At The Disco,43
Full Control,Snail Mail,43
Glory Bound,The Wailin' Jennys,43
Dying in LA,Panic! At The Disco,43
Keep the Customer Satisfied,Simon & Garfunkel,43
Level Up,Ciara,42
"You'll Be In My Heart - From ""Tarzan""/Soundtrack Version",Phil Collins,42
Look What You Made Me Do,Taylor Swift,42
Walking On Sunshine,Katrina & The Waves,42
The Dangling Conversation,Simon & Garfunkel,42
Empire Liquor Mart (9127 S. Figueroa St.),Gabriel Kahane,42
Saturday They'll All Be Back Again,David Wilcox,42
Osama Bin Laden As the Crucified Christ,Against Me!,42
Cool,Soccer Mommy,42
Under Pressure - Remastered 2011,Queen,42
Tongue Tied,GROUPLOVE,41
It's Okay (To Punch Nazis),Cheap Perfume,41
Milonga del moro judío,Jorge Drexler,41
Homewrecker,MARINA,41
Cherry Bomb,The Runaways,41
Hit Me With Your Best Shot,Pat Benatar,41
I'm In Love With You,The 1975,41
ICU,Phoebe Bridgers,41
Spent Gladiator 2,The Mountain Goats,41
Pretty Little Head,Eliza Rickman,41
Still Clean,Soccer Mommy,41
Changes,2Pac,41
The Parting Glass,The Wailin' Jennys,41
Havana - Remix,Camila Cabello,41
Colors,Halsey,40
9 to 5,Dolly Parton,40
Unwritten,Natasha Bedingfield,40
Barbie Tingz,Nicki Minaj,40
Bright Morning Stars,The Wailin' Jennys,40
Landslide,Fleetwood Mac,40
Robbers,The 1975,40
"Downtown (feat. Melle Mel, Grandmaster Caz, Kool Moe Dee & Eric Nally)",Macklemore & Ryan Lewis,39
Oh Mandy,The Spinto Band,39
Lip Gloss,Lil Mama,39
Passaic 1975,The Mountain Goats,39
Glamorous,Fergie,39
I Like It,Cardi B,39
Eight Days A Week - Remastered 2009,The Beatles,39
Against All Odds (Take a Look at Me Now) - 2016 Remaster,Phil Collins,39
Fireflies,Owl City,39
Going Invisible 2,The Mountain Goats,39
All Things Go,Nicki Minaj,39
Home,Edward Sharpe & The Magnetic Zeros,39
Scheiße,Lady Gaga,39
Get Better,Frank Turner,39
Spellbound,Hi-Fi Gentry,38
Nightmare,Halsey,38
Juliet - Single Edit,LMNT,38
How To Draw / Petrichor,The 1975,38
Sail,AWOLNATION,38
Boss Bitch,Doja Cat,38
Wild Sage,The Mountain Goats,38
The Tide Is High - Radio Mix,Atomic Kitten,38
Emperor's New Clothes,Panic! At The Disco,38
Most Girls,Hailee Steinfeld,37
Stay Alive,José González,37
Starships,Nicki Minaj,37
"Bills, Bills, Bills",Destiny's Child,37
Watermelon Sugar,Harry Styles,37
Applause,Lady Gaga,37
Long Time Traveller,The Wailin' Jennys,37
Almost (Sweet Music),Hozier,37
Deseo,Jorge Drexler,37
Bridge Over Troubled Water,Simon & Garfunkel,37
Intro,Snail Mail,37
Vienna,Billy Joel,37
Body Love Part 1,Mary Lambert,37
Badlands,Bruce Springsteen,37
Pillar of Truth,Lucy Dacus,37
King of the Clouds,Panic! At The Disco,37
Barracuda,Heart,36
Ohm,Yo La Tengo,36
Mother's Daughter,Miley Cyrus,36
One Foot,WALK THE MOON,36
Style,Taylor Swift,36
Hurricane,The Aces,36
The Boxer,Simon & Garfunkel,36
Heart Out,The 1975,36
Moon Song,Phoebe Bridgers,36
august,Taylor Swift,35
King of Carrot Flowers Pt. 1,Neutral Milk Hotel,35
I Don't Want to Know - 2004 Remaster,Fleetwood Mac,35
"Se va, se va, se fue",Jorge Drexler,35
Making The Most Of The Night,Carly Rae Jepsen,35
Teen Idle,MARINA,35
Clean,Taylor Swift,35
Starring Role,MARINA,35
Good Time,Owl City,35
Sussudio - 2016 Remaster,Phil Collins,34
Dogs Against Dog Hollerin',Cheap Perfume,34
Then Leave (feat. Queendom Come),BeatKing,34
All Too Well,Taylor Swift,34
I Always Wanna Die (Sometimes),The 1975,34
Comme Des Garçons (Like The Boys),Rina Sawayama,34
You should be sad,Halsey,34
One Voice,The Wailin' Jennys,34
Magic,Coldplay,34
Smack a Bitch,Rico Nasty,34
September,"Earth, Wind & Fire",34
Brando,Lucy Dacus,34
Two Worlds,Phil Collins,34
Old Friends,Simon & Garfunkel,34
Harlem Roulette,The Mountain Goats,34
Empire State Of Mind,JAY-Z,34
High Hawk Season,The Mountain Goats,34
Torch Song,Laura Stevenson,33
Across The Universe - Remastered 2009,The Beatles,33
Only the Good Die Young,Billy Joel,33
Bohemian Like You,The Dandy Warhols,33
DVD Menu,Phoebe Bridgers,33
Punisher,Phoebe Bridgers,33
Get Lonely,The Mountain Goats,33
Unconditional Love,Against Me!,33
Foreign Object,The Mountain Goats,33
Lola,The Kinks,33
Womanizer,Britney Spears,33
"Holland, 1945",Neutral Milk Hotel,33
Matthew 25:21,The Mountain Goats,33
Salute,Little Mix,32
Angry Too,Lola Blanc,32
Mahjong Room,Ginger Root,32
"Honey, Honey - From 'Mamma Mia!' Original Motion Picture Soundtrack",Amanda Seyfried,32
Happiness,The 1975,32
Gold Dust Woman - 2004 Remaster,Fleetwood Mac,32
Creep,Radiohead,32
Comes And Goes (In Waves),Greg Laswell,32
Pynk (feat. Grimes),Janelle Monáe,32
Savior Complex,Phoebe Bridgers,32
Immigrant Song - Remaster,Led Zeppelin,32
Come Wander With Me,Brian Fallon,32
Remember My Name,Mitski,31
Transporte,Jorge Drexler,31
La trama y el desenlace,Jorge Drexler,31
Woman (feat. The Dap-Kings Horns),Kesha,31
I Know The End,Phoebe Bridgers,31
Run Away With Me,Carly Rae Jepsen,31
Lgbt,cupcakKe,31
Possum by Night,The Mountain Goats,31
Maria,Hi-Fi Gentry,31
Streets of Philadelphia - Single Edit,Bruce Springsteen,31
Bye Bye Bye - From Deadpool and Wolverine Soundtrack,*NSYNC,31
7/11,Beyoncé,31
Vanilla Twilight,Owl City,31
Going Nowhere,Frank Turner,31
Everybody (Backstreet's Back) - Radio Edit,Backstreet Boys,31
Old Fashioned,Panic! At The Disco,31
Emmylou,First Aid Kit,31
Interlude 1,alt-J,30
these are my friends,lovelytheband,30
Never Been Wrong,Waxahatchee,30
I2I,Tevin Campbell,30
Ready to Go (Get Me Out of My Mind),Panic! At The Disco,30
Pills N Potions,Nicki Minaj,30
Black Me Out,Against Me!,30
Salvapantallas,Jorge Drexler,30
Halloween,Phoebe Bridgers,30
Swing Low Sail High,The Wailin' Jennys,30
Paralytic States,Against Me!,30
Tougher Than the Rest,Bruce Springsteen,30
The Man Who Married A Robot / Love Theme,The 1975,30
This Is Gospel,Panic! At The Disco,30
Guitarra y vos,Jorge Drexler,30
Cornelia Street - Live From Paris,Taylor Swift,30
Old Churchyard,The Wailin' Jennys,30
Crazy = Genius,Panic! At The Disco,30
The Valley,The Wailin' Jennys,30
If I Could Tell Her,Ben Platt,30
Love Myself,Hailee Steinfeld,29
Hymn for the Weekend,Coldplay,29
Wait for It,Leslie Odom Jr.,29
Too Much,Kehlani,29
lofi rain,a girl and a cat,29
Training Montage,The Mountain Goats,29
Welcome To New York,Taylor Swift,29
Heroes - 2017 Remaster,David Bowie,29
Souvenir,boygenius,29
Northern Downpour,Panic! At The Disco,29
She's so High,Tal Bachman,29
"Check Yes, Juliet",We The Kings,29
White Winter Hymnal,Fleet Foxes,29
Let 'Em Talk (feat. Eagles of Death Metal),Kesha,29
Anywhere But Here,Hilary Duff,29
The Ascent of Stan,Ben Folds,29
It's Gonna Be Me,*NSYNC,29
Fuqboi,Hey Violet,29
Stealing The Moonlight,Gold Motel,29
Victoria,Eve 6,29
Doc Gooden,The Mountain Goats,29
Everything Costs,Radical Face,29
Inside Your Mind,The 1975,29
I'm On Fire,Soccer Mommy,29
Casimir Pulaski Day,Sufjan Stevens,29
The Overpass,Panic! At The Disco,29
The Ballad of Mona Lisa,Panic! At The Disco,29
Requiem,Laura Dreyfuss,29
Stronger,Britney Spears,28
HUMBLE.,Kendrick Lamar,28
I Like Him,Princess Nokia,28
Why Not,Hilary Duff,28
The Only Difference Between Martyrdom and Suicide Is Press Coverage,Panic! At The Disco,28
Lovers in Japan,Coldplay,28
Red,Taylor Swift,28
Waylon Jennings Live!,The Mountain Goats,28
Choked Out,The Mountain Goats,28
Until I Am Whole,The Mountain Goats,28
Don't Stop Me Now - Remastered 2011,Queen,28
Forget Me Not,Brian Fallon,28
Last Girl,Soccer Mommy,28
Psalms 40:2,The Mountain Goats,28
Firecracker,The Wailin' Jennys,28
Some Good Thing,The Wailin' Jennys,28
Classy Penguin,The Books,28
"Signed, Sealed, Delivered (I'm Yours)",Stevie Wonder,27
Smells Like Teen Spirit,Nirvana,27
Potential Breakup Song,Aly & AJ,27
Need A Little Time,Courtney Barnett,27
Super Bass,Nicki Minaj,27
Getaway Car,Taylor Swift,27
rainbow bridge,a girl and a cat,27
how do I get my brain back,a girl and a cat,27
Fix You,Coldplay,27
Bad Girls,M.I.A.,27
Yeah! (feat. Lil Jon & Ludacris),USHER,27
The Grey King and the Silver Flame Attunement,The Mountain Goats,27
Unicorn Tolerance,The Mountain Goats,27
Electric Chapel,Lady Gaga,27
midnight stroll,a girl and a cat,27
White Cedar,The Mountain Goats,27
Man! I Feel Like A Woman!,Shania Twain,27
Upside Down,A*Teens,27
The Scientist,Coldplay,27
Rocks,Primal Scream,27
Anna,The Menzingers,27
Begin,The Wailin' Jennys,26
I Want You To Love Me,Fiona Apple,26
You Call Me a Bitch Like It's a Bad Thing,Halestorm,26
All The Small Things,blink-182,26
Midnight,Radical Face,26
Radioactive,MARINA,26
WAP (feat. Megan Thee Stallion),Cardi B,26
Bubblegum Bitch,MARINA,26
We R Who We R,Kesha,26
Drinking With the Jocks,Against Me!,26
Bullet With Butterfly Wings - Remastered 2012,The Smashing Pumpkins,26
"Dawn - From ""Pride & Prejudice"" Soundtrack",Dario Marianelli,26
Hey Jude - Remastered 2009,The Beatles,26
Burning Love,Elvis Presley,26
STARSTRUKK (feat. Katy Perry),3OH!3,26
Language Of The Heart,David Wilcox,26
Polaroid Picture,Frank Turner,26
After the Party,The Menzingers,26
Photograph,Radical Face,26
Stick,Snail Mail,26
Apocalypse Lullaby,The Wailin' Jennys,26
Back To Black,Amy Winehouse,26
Awake,Tycho,26
Why Did It Have To Be Me?,Josh Dylan,26
Thnks fr th Mmrs,Fall Out Boy,26
mad woman,Taylor Swift,26
Golden Boy,The Mountain Goats,26
"The Good, the Bad and the Dirty",Panic! At The Disco,26
Master of Art,Laura Stevenson,26
Bird Song,The Wailin' Jennys,26
Intro,The Wailin' Jennys,26
Bundle of Joy,Michael Giacchino,25
The Name Of The Game,Lily James,25
Graceland Too,Phoebe Bridgers,25
Surrounded By Heads And Bodies,The 1975,25
Freak Like Me,Halestorm,25
Motion Sickness,Phoebe Bridgers,25
Higher Love,Kygo,25
Slow Moves,José González,25
Hello Exile,The Menzingers,25
...Ready For It?,Taylor Swift,25
back home studying,a girl and a cat,25
Born in the U.S.A.,Bruce Springsteen,25
How to Embrace a Swamp Creature,The Mountain Goats,25
Starlight,The Wailin' Jennys,25
the light is coming (feat. Nicki Minaj),Ariana Grande,25
Weather,Tycho,25
Hips Don't Lie (feat. Wyclef Jean),Shakira,25
My Shot,Lin-Manuel Miranda,25
Boys,Charli xcx,25
Icarus,Bastille,25
Sanctuary,Paradise Fears,25
"Sincerely, Me",Mike Faist,25
You Give Love A Bad Name,Bon Jovi,25
Hot N Cold,Katy Perry,25
(Don't Fear) The Reaper,Blue Öyster Cult,24
Waiting for You,The Aces,24
Fetch The Bolt Cutters,Fiona Apple,24
Super Trouper - From 'Mamma Mia!' Original Motion Picture Soundtrack,Meryl Streep,24
Paid in Cocaine,The Mountain Goats,24
I'll Follow The Sun - Remastered 2009,The Beatles,24
My Sharona,The Knack,24
America (You're Freaking Me Out),The Menzingers,24
Make America Great Again,Frank Turner,24
Easy Way Out,Gotye,24
Night Light,The Mountain Goats,24
UGH!,The 1975,24
Guitar Shopping,David Wilcox,24
Knife,Hi-Fi Gentry,24
Waterloo,Hugh Skinner,24
I Want It That Way,Backstreet Boys,24
Miss Jackson (feat. LOLO),Panic! At The Disco,24
Riptide,Vance Joy,24
Lampshades on Fire,Modest Mouse,24
Princess of China,Coldplay,23
Beat It,Michael Jackson,23
Party In The U.S.A.,Miley Cyrus,23
"Ob-La-Di, Ob-La-Da - 2018 Mix",The Beatles,23
Son of Man,Phil Collins,23
Gimme! Gimme! Gimme! (A Man After Midnight),ABBA,23
Red Wine Supernova,Chappell Roan,23
Just Dance,Lady Gaga,23
Cardiac Arrest,Bad Suns,23
Common As The Rain,David Wilcox,23
mirrorball,Taylor Swift,23
Yesterday - Remastered 2009,The Beatles,23
I've Just Seen A Face - Remastered 2009,The Beatles,23
Stench of the Unburied,The Mountain Goats,23
Car Radio,Twenty One Pilots,23
How Did You Find Me Here,David Wilcox,23
Losing Days,Frank Turner,23
Renegades,X Ambassadors,23
The River,Bruce Springsteen,23
Shackled And Drawn,Bruce Springsteen,23
Waterloo,ABBA,23
Let's Find an Out,Snail Mail,23
Telephone,Lady Gaga,23
Miss Independent,Kelly Clarkson,23
Boulder to Birmingham,The Wailin' Jennys,23
Like Whoa,Aly & AJ,23
Because of the Shame,Against Me!,23
Victorious,Panic! At The Disco,23
Escape (The Pina Colada Song),Rupert Holmes,23
Oh Daddy - 2004 Remaster,Fleetwood Mac,22
Out Of The Woods,Taylor Swift,22
I Wanna Dance with Somebody (Who Loves Me),Whitney Houston,22
Dancing Queen,ABBA,22
Abstract Thought,Michael Giacchino,22
Hungry Like the Wolf - 2009 Remaster,Duran Duran,22
cardigan,Taylor Swift,22
Be Sweet,Japanese Breakfast,22
Adelaide,Ben Folds,22
"thank u, next",Ariana Grande,22
This Heart Of Mine,The Wailin' Jennys,22
Rage of Travers,The Mountain Goats,22
"Stay Young, Go Dancing",Death Cab for Cutie,22
seven,Taylor Swift,22
Tear in My Heart,Twenty One Pilots,22
Veneno,Anitta,22
Everywhere,Michelle Branch,22
Historians,Lucy Dacus,22
Somebody To Love - Remastered 2011,Queen,22
Outer Sunset,Tycho,22
Black Widow,Iggy Azalea,22
Hollaback Girl,Gwen Stefani,22
A Thousand Miles,Vanessa Carlton,22
Prairie Town,The Wailin' Jennys,22
Loves Me Like a Rock,The Wailin' Jennys,22
Warm Blood,Carly Rae Jepsen,22
What Are You Waiting for?,Paradise Fears,22
O,Coldplay,22
Cumpleaños,Ozuna,21
Havana (feat. Young Thug),Camila Cabello,21
Give It Time,Our Daughter,21
Sparks Fly,Taylor Swift,21
Loretta,Ginger Root,21
Carry on Wayward Son,Kansas,21
Jack & Diane,John Mellencamp,21
Mamma Mia,Lily James,21
So Much Better,Laura Bell Bundy,21
Part Of The Band,The 1975,21
Come On Eileen,Dexys Midnight Runners,21
My My My!,Troye Sivan,21
Not Strong Enough,boygenius,21
HOT TO GO!,Chappell Roan,21
Emotion,Carly Rae Jepsen,21
Zak and Sara,Ben Folds,21
the 1,Taylor Swift,21
Mykonos,Fleet Foxes,21
Blackbird - Remastered 2009,The Beatles,21
Richard Cory,Simon & Garfunkel,21
Jolene,Dolly Parton,21
Poison & Wine,The Civil Wars,21
Tiny Dancer,Elton John,21
The Way I Tend To Be,Frank Turner,21
I Think He Knows,Taylor Swift,21
Fire Editorial,The Mountain Goats,21
A Walk,Tycho,21
"Ob-La-Di, Ob-La-Da - Remastered 2009",The Beatles,21
Never Quite Free,The Mountain Goats,21
Glory Days,Bruce Springsteen,21
LoveGame,Lady Gaga,21
The Longest Time,Billy Joel,21
Epoch,Tycho,21
Tessellate,alt-J,21
Diamonds,Rihanna,21
Flaw,Soccer Mommy,21
"Strut - From ""The Cheetah Girls 2""",The Cheetah Girls,21
Woke Up New,The Mountain Goats,21
The Best Ever Death Metal Band in Denton,The Mountain Goats,21
All the Stars,The Wailin' Jennys,21
Meditation Noise,The Mindful,21
Up From Below,Edward Sharpe & The Magnetic Zeros,21
Rainbow Connection,Weezer,21
I Want To Break Free - Remastered 2011,Queen,21
Greens and Blues,Pixies,20
An Antidote for Strychnine,The Mountain Goats,20
L,Tycho,20
Lover,Taylor Swift,20
Stabbed to Death Outside San Juan,The Mountain Goats,20
Werewolf Gimmick,The Mountain Goats,20
Anytime,Snail Mail,20
Last Words of a Shooting Star,Mitski,20
The Diaz Brothers,The Mountain Goats,20
Teenage Dirtbag,Wheatus,20
Third Family Portrait,Radical Face,20
Dye,Tycho,20
Pink & Blue (feat. Saint Sinner) - RAC Mix,Tycho,20
Bodak Yellow,Cardi B,20
Film Noir,Hi-Fi Gentry,20
Soledad (feat. Maria Rita),Jorge Drexler,20
Knowledge - 2007 Remaster,Operation Ivy,20
3,Britney Spears,20
The Predatory Wasp of The Palisades Is Out To Get Us,Sufjan Stevens,20
Horchata,Vampire Weekend,20
Hopefulessness,Courtney Barnett,20
"Mrs. Robinson - From ""The Graduate"" Soundtrack",Simon & Garfunkel,20
Avila,The Wailin' Jennys,20
"We Will Rock You - BBC Session / October 28th 1977, Maida Vale 4 Studio",Queen,20
Kissing Strangers,DNCE,20
Medicine for Melancholy,Rivers Cuomo,20
Disappear,Mike Faist,20
Only Us,Laura Dreyfuss,20
"Myenemy - from Hansa Studios, Berlin",Parcels,19
Lonely Together (feat. Rita Ora),Avicii,19
Behind the Sea,Panic! At The Disco,19
Back In Black,AC/DC,19
Piano Man,Billy Joel,19
Te Esperé,Jesse & Joy,19
Crazy In Love (feat. Jay-Z),Beyoncé,19
Cornelia Street,Taylor Swift,19
Stacy's Mom,Fountains Of Wayne,19
Pink Pony Club,Chappell Roan,19
Body Love Part 2,Mary Lambert,19
Narcissist (feat. The 1975),No Rome,19
Things That You Know,The Wailin' Jennys,19
Daft Punk,Pentatonix,19
Still Fighting It,Ben Folds,19
Love Me,The 1975,19
Fearless (Taylor’s Version),Taylor Swift,19
exile (feat. Bon Iver),Taylor Swift,19
"If You Need To, Keep Time on Me",Fleet Foxes,19
Lucy In The Sky With Diamonds - Remastered 2009,The Beatles,19
Fooled Around And Fell In Love,Elvin Bishop,19
The Devil's Paintbrush Road,The Wailin' Jennys,19
The Remains of Rock & Roll,Broken Bells,19
Two Coffins,Against Me!,19
Cecilia,Simon & Garfunkel,19
FourFiveSeconds,Rihanna,19
I Get Off,Halestorm,19
P.Y.T. (Pretty Young Thing),Michael Jackson,19
Into The Woods,Tycho,19
Mine,The 1975,19
The Way I Loved You (Taylor’s Version),Taylor Swift,19
Learnin' The Blues,Frank Sinatra,19
Universos paralelos (feat. Ana Tijoux),Jorge Drexler,19
Sorry,Justin Bieber,19
Lullaby,Paradise Fears,19
You Go Down Smooth,Lake Street Dive,19
Philippians 3:20-21,The Mountain Goats,19
Swallow,The Wailin' Jennys,19
Golden Days,Panic! At The Disco,19
War on the East Coast,The New Pornographers,19
I Will Wait,Mumford & Sons,19
Up with the Birds,Coldplay,19
Flowers in Your Hair,The Lumineers,19
You Will Be Found,Ben Platt,19
Bring Me To Life,Evanescence,19
(Basement Instrumental),Mount Eerie,18
Silver Springs - 2004 Remaster,Fleetwood Mac,18
In My Life,Madison Cunningham,18
"You're On Your Own, Kid",Taylor Swift,18
Wannabe,Spice Girls,18
Silk Chiffon,MUNA,18
Good Old-Fashioned Lover Boy - Remastered 2011,Queen,18
Side To Side,Ariana Grande,18
Passenger Seat,Death Cab for Cutie,18
Malibu,Kim Petras,18
Hours,Tycho,18
T.S.R.,Against Me!,18
Tucson Train,Bruce Springsteen,18
Starlight,Muse,18
Me and Julio Down by the Schoolyard,Paul Simon,18
Owner of a Lonely Heart,Yes,18
Spinnin' Around,Jump5,18
Alright,Tycho,18
Dancing In The Dark,Lucy Dacus,18
Friday I'm in Love,Yo La Tengo,18
Come Fly With Me - Remastered 1998,Frank Sinatra,18
Toxic,Britney Spears,18
To Be Alone With You,Sufjan Stevens,18
Dreams - Recorded at Spotify Studios NYC,Japanese Breakfast,18
1 John 4:16,The Mountain Goats,18
Romans 10:9,The Mountain Goats,18
Savage Remix (feat. Beyoncé),Megan Thee Stallion,18
Hallelujah,Panic! At The Disco,18
Girls / Girls / Boys,Panic! At The Disco,18
Imposible,Luis Fonsi,18
Farther To Fall,David Wilcox,18
Little Changes,Frank Turner,18
Stealing the Moonlight,Gold Motel,18
Up Next: News,Spotify,18
Only,Nicki Minaj,18
Get On Your Knees,Nicki Minaj,18
Homeward Bound,Simon & Garfunkel,18
"Down To The River To Pray - From “O Brother, Where Art Thou” Soundtrack",Alison Krauss,18
You to Believe In,Paradise Fears,18
(Calling),Mount Eerie,17
Common Ground,Andy McKee,17
Happier,Ed Sheeran,17
Paper Rings,Taylor Swift,17
I Want To Hold Your Hand - Remastered 2015,The Beatles,17
We Make the Way By Walking,David Wilcox,17
Closing Time,Semisonic,17
Blank Space,Taylor Swift,17
gold rush,Taylor Swift,17
Chasing Cars,Snow Patrol,17
my tears ricochet,Taylor Swift,17
This Love Isn't Crazy,Carly Rae Jepsen,17
This Tattoo,David Wilcox,17
Transatlanticism,Death Cab for Cutie,17
illicit affairs,Taylor Swift,17
Good & Gone,Frank Turner,17
Dead Friend,Against Me!,17
Get Famous,The Mountain Goats,17
Birth of Serpents,The Mountain Goats,17
Darkness On the Edge of Town,Bruce Springsteen,17
Nebraska,Bruce Springsteen,17
Starman - 2012 Remaster,David Bowie,17
Landslide,The Chicks,17
Dancing On My Own - Radio Edit,Robyn,17
In Memory of Satan,The Mountain Goats,17
Transcendental Youth,The Mountain Goats,17
Oops!...I Did It Again,Britney Spears,17
Al otro lado del río,Jorge Drexler,17
Unpretty,TLC,17
My First Kiss (feat. Ke$ha),3OH!3,17
Easy,Tycho,17
Cypress,Tycho,17
Trini Dem Girls,Nicki Minaj,17
WILD,Troye Sivan,17
all the good girls go to hell,Billie Eilish,17
La edad del cielo,Jorge Drexler,17
Rainbow,Kacey Musgraves,17
This House,Japanese Breakfast,17
Dilaudid,The Mountain Goats,17
Genesis 30:3,The Mountain Goats,17
Genesis 3:23,The Mountain Goats,17
Hebrews 11:40,The Mountain Goats,17
Your Belgian Things,The Mountain Goats,17
Imagination Land,Michael Giacchino,17
Monochrome (Pensive),The Contortionist,17
Ho Hey,The Lumineers,17
Everything Is Awful,The Decemberists,17
Lucy In The Sky With Diamonds - Remastered 2017,The Beatles,17
Sweet Arms of a Tune,Missy Higgins,16
Shake It Off,Taylor Swift,16
this is me trying,Taylor Swift,16
King Of My Heart,Taylor Swift,16
‘tis the damn season,Taylor Swift,16
TiK ToK,Kesha,16
Shake It,Metro Station,16
Feel It Still,Portugal. The Man,16
Woman Like Me (feat. Nicki Minaj),Little Mix,16
Journey to the Past,Christy Altomare,16
VBS,Lucy Dacus,16
Landed,Ben Folds,16
Jessie's Girl,Rick Springfield,16
We Found Love,Rihanna,16
Alexander Hamilton,Leslie Odom Jr.,16
The Reason,Andy McKee,16
Rivers in the Dust,Radical Face,16
Awake My Soul,Mumford & Sons,16
Bohemian Rhapsody - Remastered 2011,Queen,16
PCH,Tycho,16
Rings,Tycho,16
New Rules,Dua Lipa,16
Every Breath You Take,The Police,16
Rocky Mountain High,John Denver,16
Eso y Más,Joss Favela,16
Win Again,Nicki Minaj,16
Titanium (feat. Sia),David Guetta,16
Everywhere - 2017 Remaster,Fleetwood Mac,16
Fly Me To The Moon (In Other Words),Frank Sinatra,16
I'm a Slave 4 U,Britney Spears,16
"Aaron Burr, Sir",Lin-Manuel Miranda,16
Age of Kings,The Mountain Goats,16
See America Right,The Mountain Goats,16
Set Fire to the Rain,Adele,16
All That,Carly Rae Jepsen,16
Your Type,Carly Rae Jepsen,16
Body Language - Remastered 2011,Queen,16
Charlie Brown,Coldplay,16
Villains (4616 Dundee Dr.),Gabriel Kahane,16
Piece by Piece,Rob Scallon,16
The Thoughts That Give Me The Creeps,Hellogoodbye,16
Thick As Thieves,Hi-Fi Gentry,16
How Far I'll Go - Alessia Cara Version,Alessia Cara,16
Purple Hat,Sofi Tukker,15
Bad Weather,Blis,15
Party Rock Anthem,LMFAO,15
Me,The 1975,15
Call It What You Want,Taylor Swift,15
So Yesterday,Hilary Duff,15
Rockin' the Suburbs,Ben Folds,15
For the Portuguese Goth Metal Bands,The Mountain Goats,15
Valentine,Snail Mail,15
Chasing Pavements,Adele,15
Tell Tale Signs,Frank Turner,15
You Or Your Memory,The Mountain Goats,15
Estate Sale Sign,The Mountain Goats,15
The Rising,Bruce Springsteen,15
I Still Haven't Found What I'm Looking For,U2,15
The Cave,Mumford & Sons,15
Fireball (feat. John Ryan),Pitbull,15
Stress,Tycho,15
Division,Tycho,15
MMMBop - Single Version,Hanson,15
Waka Waka (This Time for Africa) [The Official 2010 FIFA World Cup (TM) Song] (feat. Freshlyground),Shakira,15
Knockin' On Heaven's Door,Bob Dylan,15
Art Of Motion,Andy McKee,15
For Now,Kina Grannis,15
hoax,Taylor Swift,15
Wildest Dreams,Taylor Swift,15
Witchcraft,Frank Sinatra,15
You Make Me Feel So Young - Remastered 1998,Frank Sinatra,15
Good Morning Baltimore,Nikki Blonsky,15
Like A G6,Far East Movement,15
The Sound of Silence - Acoustic Version,Simon & Garfunkel,15
"Lady Marmalade - From ""Moulin Rouge"" Soundtrack",Christina Aguilera,15
Prowl Great Cain,The Mountain Goats,15
Casual Affair,Panic! At The Disco,15
Single Candle,David Wilcox,15
Black Heart,Carly Rae Jepsen,15
LA Hallucinations,Carly Rae Jepsen,15
Ophelia,The Lumineers,15
First Day of School,Michael Giacchino,15
Hey There Delilah,Plain White T's,15
Always Remember Us This Way,Lady Gaga,15
Ceo of Silence,Cheap Perfume,15
Call It Home,Ginger Root,14
Roman's Revenge,Nicki Minaj,14
Prologue,The Antlers,14
Jazz (We've Got) - Radio Version,A Tribe Called Quest,14
Come Sail Away,Styx,14
Timber,Pitbull,14
In My Life - Remastered 2009,The Beatles,14
All You Need Is Love - Remastered 2009,The Beatles,14
You Look Like I Need a Drink,Against Me!,14
There She Goes,The La's,14
Do You Wanna Touch Me (Oh Yeah),Joan Jett & the Blackhearts,14
I Couldn't Be More In Love,The 1975,14
Midnight Rain,Taylor Swift,14
All I Need To Hear,The 1975,14
Sax Rohmer #1,The Mountain Goats,14
Extranjera,Claudia Prieto,14
Lean On,Major Lazer,14
L.A. (Looking Alive),Madison Cunningham,14
Diva,Beyoncé,14
Rhiannon,Fleetwood Mac,14
"Would've, Could've, Should've",Taylor Swift,14
Femininomenon,Chappell Roan,14
Roses,The Chainsmokers,14
Ride,Twenty One Pilots,14
Bet On It,Troy,14
Fake Nice,The Aces,14
Bali Waves & Distant Thunder,Nature Therapy,14
Dive,Tycho,14
Melanine,Tycho,14
Apogee,Tycho,14
Soak Up The Sun,Sheryl Crow,14
Annie Waits,Ben Folds,14
Don't You (Forget About Me),Simple Minds,14
Don't Stop 'Til You Get Enough,Michael Jackson,14
Talk!,The 1975,14
Thumbs,Lucy Dacus,14
Chandelier,Sia,14
Rock And Roll All Nite,KISS,14
Rosanna,TOTO,14
Call Your Girlfriend,Robyn,14
Montana,Tycho,14
Daddy Lessons,Beyoncé,14
White Noise - 145 hz,Granular,14
Caught in the Middle,Paramore,14
U Can't Touch This,MC Hammer,14
Future Me Hates Me,The Beths,14
aura,Alba Reche,14
The Night Is Still Young,Nicki Minaj,14
Centuries,Fall Out Boy,14
Mirrors,Justin Timberlake,14
Right Hand Man,Lin-Manuel Miranda,14
Dinu Lipatti's Bones,The Mountain Goats,14
History Has Its Eyes on You,Christopher Jackson,14
Collar Full,Panic! At The Disco,14
Gimmie Love,Carly Rae Jepsen,14
Rainbow Flyer,Michael Giacchino,14
Dream a LIttle Nightmare,Michael Giacchino,14
The Lucky One,Alison Krauss & Union Station,14
Underberg,Gabriel Kahane,14
Let's Kill Tonight,Panic! At The Disco,14
Bohemian Rhapsody,Panic! At The Disco,14
Santiago,David Wilcox,14
To Break In a Glove,Michael Park,14
Wasted,Cheap Perfume,14
"Enter - from Hansa Studios, Berlin",Parcels,13
betty,Taylor Swift,13
"Money, Money, Money - From 'Mamma Mia!' Original Motion Picture Soundtrack",Meryl Streep,13
Call Me Maybe,Carly Rae Jepsen,13
Sports & Wine,Ben Folds Five,13
Mamma Mia,ABBA,13
Omigod You Guys,Annaleigh Ashford,13
Every Little Thing She Does Is Magic,The Police,13
Champagne Year,St. Vincent,13
doomsday,Lizzy McAlpine,13
bad idea right?,Olivia Rodrigo,13
Heretic Pride,The Mountain Goats,13
Fallingforyou,The 1975,13
Cough Syrup,Young the Giant,13
360,Charli xcx,13
Loving Someone,The 1975,13
Asleep at Last,The Wailin' Jennys,13
Beautiful Dawn,The Wailin' Jennys,13
love is embarrassing,Olivia Rodrigo,13
Butterflies,Kacey Musgraves,13
"Stars and Butterflies - From ""Pride & Prejudice"" Soundtrack",Dario Marianelli,13
Any Way You Want It,Journey,13
invisible string,Taylor Swift,13
Four Simple Words,Frank Turner,13
Luna,The Mountain Goats,13
Daydream,Tycho,13
Broom People,The Mountain Goats,13
Protect The Land,System Of A Down,13
New Zion,The Mountain Goats,13
Take on Me,a-ha,13
She's So Gone,Naomi Scott,13
In My Feelings,Drake,13
Giving Me A Chance,Gotye,13
Receiver,Tycho,13
Breezeblocks,alt-J,13
Lies,MARINA,13
Hypocrates,MARINA,13
I'm Yours,Jason Mraz,13
Blinding Lights,The Weeknd,13
Spanish Moss,Against Me!,13
Dancing Queen,Colin Firth,13
The Kid,David Wilcox,13
Interlude,Soccer Mommy,13
...Baby One More Time,Britney Spears,13
I'm On Fire,Bruce Springsteen,13
Fighter,Christina Aguilera,13
The Story of Tonight,Lin-Manuel Miranda,13
"Brave Faces, Everyone",Spanish Love Songs,13
Lion's Teeth,The Mountain Goats,13
The Autopsy Garland,The Mountain Goats,13
When We Drive,Death Cab for Cutie,13
El Dolor es un Momento,( Me Llamo ) Sebastián,13
In Your Life,Pinetree Janitorial Service,13
When I Needed You,Carly Rae Jepsen,13
I Didn’t Just Come Here To Dance,Carly Rae Jepsen,13
Yorktown (The World Turned Upside Down),Original Broadway Cast of Hamilton,13
Africa,Andy McKee,13
North Adams,Gabriel Kahane,13
Dance to Another Tune,First Aid Kit,13
Young At Heart,Frank Sinatra,13
But It's Better If You Do,Panic! At The Disco,13
"Take Me Home, Country Roads - Original Version",John Denver,13
Good For You,Rachel Bay Jones,13
High of 75,Relient K,13
Rain Sounds,Wp Sounds,13
Start With The Ending,David Wilcox,13
Rule Number One,David Wilcox,13
After Your Orgasm,David Wilcox,13
Beastreality,Cheap Perfume,13
Kewl Gize,Cheap Perfume,13
Sweet And Low,Fugazi,12
Rollercoaster,Bleachers,12
DADDY,PSY,12
"Tieduprightnow - from Hansa Studios, Berlin",Parcels,12
I Wish You Would,Taylor Swift,12
Last One,The Aces,12
ABC (feat. Sophia Black),Polyphia,12
An Encounter,The 1975,12
Death By A Thousand Cuts,Taylor Swift,12
The Middle,Jimmy Eat World,12
Stay,The Aces,12
Jackie and Wilson,Hozier,12
When We Are Together,The 1975,12
Is It Over Now? (Taylor's Version) (From The Vault),Taylor Swift,12
Wide Open Spaces,The Chicks,12
"The Living Sculptures Of Pemberley - From ""Pride & Prejudice"" Soundtrack",Dario Marianelli,12
Take Me or Leave Me,Idina Menzel,12
It's Almost Time,David Wilcox,12
Not Alone,The Wailin' Jennys,12
You'll Be In My Heart,Glenn Close,12
"The Militia Marches In - From ""Pride & Prejudice"" Soundtrack",Dario Marianelli,12
Somebody Told Me,The Killers,12
Stressed Out,Twenty One Pilots,12
the lakes - bonus track,Taylor Swift,12
The Light,The Album Leaf,12
State Of Grace,Taylor Swift,12
Oh Brother,Frank Turner,12
Stormy Sea in Byron Bay,Nature Therapy,12
Coastal Brake,Tycho,12
Deep Sea,Snail Mail,12
About You,The 1975,12
San Bernardino,The Mountain Goats,12
So Desperate,The Mountain Goats,12
In the Craters on the Moon,The Mountain Goats,12
Tianchi Lake,The Mountain Goats,12
Positive,Annaleigh Ashford,12
Pompeii,Bastille,12
Supalonely,BENEE,12
"Hey, Soul Sister",Train,12
Horizon,Tycho,12
Spectre,Tycho,12
Dictaphone's Lament,Tycho,12
I Think We're Alone Now,Tiffany,12
Blue (Da Ba Dee) - Gabry Ponte Ice Pop Radio,Eiffel 65,12
5-HTP,Intervals,12
Roses - Imanbek Remix,SAINt JHN,12
Breakthrough,Adam Hicks,12
...Familiar Place,Lucy Dacus,12
White People for Peace,Against Me!,12
7-2,MisterWives,12
I’m The Best,Nicki Minaj,12
Show The Way,David Wilcox,12
"Sugar, We're Goin Down",Fall Out Boy,12
"Take Me Home, Country Roads",Mountain Man,12
Jolene,Radical Face,12
Dress,Taylor Swift,12
Crazier,Taylor Swift,12
End Game,Taylor Swift,12
Gorgeous,Taylor Swift,12
Tell Me Why (Taylor’s Version),Taylor Swift,12
Mr. Perfectly Fine (Taylor’s Version) (From The Vault),Taylor Swift,12
Piece of Me,Britney Spears,12
Agua,Jarabe De Palo,12
Bootylicious,Destiny's Child,12
Farmer Refuted,Thayne Jasperson,12
Magpie,The Mountain Goats,12
Deuteronomy 2:10,The Mountain Goats,12
Pale Green Things,The Mountain Goats,12
Sourdoire Valley Song,The Mountain Goats,12
Hast Thou Considered The Tetrapod,The Mountain Goats,12
Perth,Bon Iver,12
Guns and Ships,Leslie Odom Jr.,12
The Schuyler Sisters,Renée Elise Goldsberry,12
Team Building,Michael Giacchino,12
A Wonderful Life,Brian Fallon,12
When the Day Met the Night,Panic! At The Disco,12
Baltimore,Gabriel Kahane,12
"I'll Fly Away - From “O Brother, Where Art Thou” Soundtrack",Gillian Welch,12
I Write Sins Not Tragedies,Panic! At The Disco,12
"There's a Good Reason These Tables Are Numbered Honey, You Just Haven't Thought of It Yet",Panic! At The Disco,12
How Far I'll Go,Auli'i Cravalho,12
Allahu Akbar,Emperor X,12
3 (Glee Cast Version),Glee Cast,12
Sorry Not Sorry,Demi Lovato,12
EASE,Troye Sivan,12
Waffle House,David Wilcox,12
Such a Drag,Cheap Perfume,12
Karma,Taylor Swift,11
New Romantics,Taylor Swift,11
Wide Open Spaces,Soccer Mommy,11
Appointments,Julien Baker,11
Menswear,The 1975,11
Blood in the Water,'Legally Blonde' Ensemble,11
Uptown Funk (feat. Bruno Mars),Mark Ronson,11
Video Killed The Radio Star,The Buggles,11
Malibu,Miley Cyrus,11
Espresso,Sabrina Carpenter,11
My Kink Is Karma,Chappell Roan,11
"Good Luck, Babe!",Chappell Roan,11
Fishing In The Dark,Nitty Gritty Dirt Band,11
Treacherous,Taylor Swift,11
breadwinner,Kacey Musgraves,11
Pin It Down,Madison Cunningham,11
Wonderland,Taylor Swift,11
If I Believe You,The 1975,11
all-american bitch,Olivia Rodrigo,11
Super Graphic Ultra Modern Girl,Chappell Roan,11
Starstruck,Lady Gaga,11
Abandoned Flesh,The Mountain Goats,11
Jamie's Secret,David Wilcox,11
The Fisher King Blues,Frank Turner,11
Anymore,Frank Turner,11
Baba O'Riley,The Who,11
Brown Ocean,Stardust Vibes,11
Stormy Waves at Pearl Beach,Stardust Vibes,11
Night Waves,Stardust Vibes,11
The Road to Nowhere,Radical Face,11
M.O.N.E.Y.,The 1975,11
Dancing With Our Hands Tied,Taylor Swift,11
A Brief yet Triumphant Intermission,Against Me!,11
Marduk T-Shirt Men's Room Incident,The Mountain Goats,11
La Vie Boheme,Cast Of The Motion Picture Rent,11
Across the Sea,The Wailin' Jennys,11
Eyes Wide Open,Gotye,11
Skate (feat. Saint Sinner),Tycho,11
Sex Yeah,MARINA,11
Power & Control,MARINA,11
The State of Dreaming,MARINA,11
Amorfina,Marlon,11
"Determinate - From ""Lemonade Mouth""",Adam Hicks,11
Wildflowers,Soccer Mommy,11
Lake House Snowstorm,Nature Therapy,11
As Long as You Love Me,Backstreet Boys,11
Me Voy a Valparaíso,Diego Lorenzini,11
A Winter's Ball,Leslie Odom Jr.,11
Angel Eyes,Christine Baranski,11
Ten Duel Commandments,Lin-Manuel Miranda,11
Isaiah 45:23,The Mountain Goats,11
Alpha Rats Nest,The Mountain Goats,11
The Mess Inside,The Mountain Goats,11
For Charles Bronson,The Mountain Goats,11
One Last Time,Christopher Jackson,11
Dark Horse,Katy Perry,11
Helpless,Phillipa Soo,11
What Comes Next?,Jonathan Groff,11
The Story of Tonight - Reprise,Okieriete Onaodowan,11
Trump Roast,Cheap Perfume,11
The Forgetters,Michael Giacchino,11
4 Minutes (feat. Justin Timberlake & Timbaland),Madonna,11
Good As Hell,Lizzo,11
That Green Gentleman (Things Have Changed),Panic! At The Disco,11
Villanelles (feat Chris Thile),Gabriel Kahane,11
Sarah Smiles,Panic! At The Disco,11
You Really Got A Hold On Me - Remastered 2009,The Beatles,11
Stand By Me,Ben E. King,11
Eye of the Hurricane - Live,David Wilcox,11
I Get A Kick Out Of You,Frank Sinatra,11
Lying Is the Most Fun a Girl Can Have Without Taking Her Clothes Off,Panic! At The Disco,11
Autumn Sweater,Yo La Tengo,11
Goddess Gangbang,Cheap Perfume,11
Almost Every Door,The Mountain Goats,11
What Has Been Done,The Wailin' Jennys,11